{
  "beacons":[
    {
      "ID":0,
      "Type":"SCS"
    },
    {
      "ID":1,
      "Neighbor IDs":[
        0
      ],
      "Type":"MIN",
      "force_traj":[
        0.0,
        2.0,
        1.9999999999999998,
        2.0,
        2.0,
        1.9999999999999998,
        2.0,
        2.0,
        2.0,
        1.9999999999999998,
        2.0,
        2.0,
        1.9999999999999998,
        1.9999999999999998,
        2.0,
        1.9999999999999998,
        2.0,
        1.9999999999999998,
        2.0,
        2.0,
        2.0,
        2.0,
        1.9999999999999998,
        2.0,
        2.0,
        2.0,
        2.0,
        2.0,
        1.9999999999999998,
        2.0,
        2.0,
        2.0,
        1.9999999999999998,
        2.0,
        2.0,
        2.0,
        1.9999999999999998,
        2.0,
        2.0,
        2.0,
        2.0,
        2.0,
        1.9999999999999998,
        2.0,
        1.9999999999999998,
        2.0,
        2.0,
        2.0,
        2.0,
        1.9999999999999998,
        2.0,
        2.0,
        1.9999999999999998,
        1.9999999999999998,
        2.0,
        2.0,
        2.0,
        1.9999999999999998,
        1.9999999999999998,
        2.0,
        1.9999999999999996,
        1.9999999999999998,
        2.0,
        1.9999999999999998,
        1.9999999999999998,
        1.9999999999999998,
        2.0,
        2.0,
        2.0,
        1.9999999999999998,
        1.9999999999999998,
        2.0,
        2.0,
        1.9999999999999998,
        2.0,
        2.0,
        1.9999999999999998,
        2.0,
        1.9999999999999998,
        2.0,
        2.0,
        1.9999999999999998,
        2.0,
        2.0,
        2.0,
        2.0,
        1.9999999999999998,
        1.9999999999999998,
        2.0,
        0.0
      ],
      "heading_traj":[
        0.0,
        0.021750594492847507,
        0.04151840189295934,
        0.05922460790122099,
        0.07529807926298315,
        0.08989444374541292,
        0.10292756891237437,
        0.11474267188881698,
        0.12546243182738756,
        0.1350069125065146,
        0.14366473191831863,
        0.15151350307674932,
        0.1586119212204733,
        0.16504168518103052,
        0.1708622186273048,
        0.17612797348841766,
        0.18077094174286604,
        0.18497271366405793,
        0.18877292263538184,
        0.19220777897029476,
        0.19529702557363476,
        0.19808667326419863,
        0.20060388954175265,
        0.20287344754224848,
        0.20491792594174207,
        0.206757893966733,
        0.20841208234982656,
        0.20989754106071107,
        0.21122978462865893,
        0.21242292585402278,
        0.21348979868290455,
        0.21444207099197035,
        0.2152903480000314,
        0.21604426699028229,
        0.21671258399273308,
        0.21730325304105774,
        0.21782349858239922,
        0.21824006684543346,
        0.21860484375370481,
        0.2189225301430109,
        0.21919740350178193,
        0.21943335611912151,
        0.21963392985606886,
        0.21980234782584598,
        0.21994154324691845,
        0.22005418571207136,
        0.22014270509737435,
        0.2202093133168511,
        0.22025602411184558,
        0.2202846710484403,
        0.22029692388178096,
        0.2202943034327429,
        0.22027819510997435,
        0.22024986119891904,
        0.22021045202888737,
        0.22016101611956201,
        0.22010250939942663,
        0.22003580358044464,
        0.21996169376583297,
        0.21988090536092716,
        0.2197941003508649,
        0.21970188300308788,
        0.21960480504742744,
        0.219503370381763,
        0.21939803934688365,
        0.21928923261020997,
        0.21917733469441245,
        0.2190626971836646,
        0.2189456416372664,
        0.21882646223764118,
        0.218705428197224,
        0.21858278594649838,
        0.21845876112338428,
        0.21832300583872302,
        0.2181875021087561,
        0.21805229762623643,
        0.2179174381466311,
        0.21778296748284046,
        0.21764892751182394,
        0.2175153581912451,
        0.21738229758448452,
        0.2172497818925765,
        0.21711784549181007,
        0.21698652097589893,
        0.21685583920176688,
        0.2167258293381255,
        0.21659651891613096,
        0.21646793388150712,
        0.21634009864760914,
        0.19470608878284826
      ],